{
    "x1": {
        "ch1_offset": -0.059,
        "ch1_gain": 0.9948697567342346,
        "ch2_offset": -1.656,
        "ch2_gain": 1.0
    },
    "x50": {
        "ch1_offset": -0.05746884390778652,
        "ch1_gain": 0.9992160844954935,
        "ch2_offset": -1.655,
        "ch2_gain": 1.0
    },
    "x100": {
        "ch1_offset": 0,
        "ch1_gain": 1.0,
        "ch2_offset": 0,
        "ch2_gain": 1.0
    }
}