{
    "x1": {
        "ch1_offset": 0.013,
        "ch1_gain": 0.989841731187375,
        "ch2_offset": -1.651,
        "ch2_gain": 1.0
    },
    "x10": {
        "ch1_offset": 0.013,
        "ch1_gain": 0.9799999999999991,
        "ch2_offset": 0.0,
        "ch2_gain": 1.0
    },
    "x50": {
        "ch1_offset": -0.05746884390778652,
        "ch1_gain": 0.9992160844954935,
        "ch2_offset": -1.655,
        "ch2_gain": 1.0
    },
    "x100": {
        "ch1_offset": 0,
        "ch1_gain": 1.0,
        "ch2_offset": 0,
        "ch2_gain": 1.0
    }
}