{
    "x1": {
        "ch1_offset": -0.035803191802008714,
        "ch1_gain": 0.989841731187375,
        "ch2_offset": -0.007848644688645115,
        "ch2_gain": 1.0
    },
    "x10": {
        "ch1_offset": 0.039271220512819845,
        "ch1_gain": 0.9799999999999991,
        "ch2_offset": 0.0,
        "ch2_gain": 1.0
    },
    "x50": {
        "ch1_offset": 0.041,
        "ch1_gain": 1.0,
        "ch2_offset": -0.007922219780220199,
        "ch2_gain": 1.0
    },
    "x100": {
        "ch1_offset": 0,
        "ch1_gain": 1.0,
        "ch2_offset": 0,
        "ch2_gain": 1.0
    }
}